{
  "info" : {
    "version" : 1,
    "author" : "xcode"
  },
  "properties" : {
    "rotation" : [
      0,
      1,
      0,
      0.057665228843688965
    ],
    "content" : "trackingData.cv3dmap",
    "translation" : [
      0.0012461021542549133,
      0.033442452549934387,
      0.0055419877171516418
    ],
    "version" : 1
  }
}