{
  "info" : {
    "version" : 1,
    "author" : "xcode"
  },
  "properties" : {
    "rotation" : [
      0,
      1,
      0,
      -1.6149611473083496
    ],
    "content" : "trackingData.cv3dmap",
    "translation" : [
      0.042355187237262726,
      0.044127427041530609,
      -0.0034344494342803955
    ],
    "version" : 1
  }
}